"top_n","auc","accuracy"
5,0.66025641025641,0.6
10,0.487179487179487,0.44
20,0.461538461538462,0.36
50,0.442307692307692,0.44
