"top_n","auc","accuracy"
5,0.666666666666667,0.52
10,0.583333333333333,0.44
50,0.493589743589744,0.52
20,0.416666666666667,0.44
