"top_n","auc","accuracy"
5,0.852564102564103,0.76
10,0.685897435897436,0.6
50,0.57051282051282,0.6
20,0.557692307692308,0.44
